Id,FirstName,LastName,IsAnonimized,BasketId,ClientTypeId
1,Silvano,Pinniger,false,3,4
2,Eleanora,Cowlin,false,3,4
3,Allistir,Lillicrop,false,1,4
4,Marketa,Kingscote,false,2,4
5,Katherina,Matevosian,false,3,2
6,Humbert,Tiuit,false,4,2
7,Ladonna,Chesswas,false,1,3
8,Rex,Brahan,false,1,2
9,Corny,Jukes,false,4,3
10,Konstanze,Ascrofte,false,4,2
11,Dena,Nowill,false,4,2
12,Joseph,Holme,false,4,3
13,Jo-ann,Grece,false,3,3
14,Gottfried,Addey,false,4,2
15,Regan,Michell,false,2,3
16,Norry,Leggott,false,1,1
17,Gaby,Barrowclough,false,3,2
18,Boniface,Odam,false,1,1
19,Grace,Button,false,2,3
20,Paten,Woodnutt,false,4,1
21,Rosita,Girard,false,3,2
22,Rowen,Borland,false,3,1
23,Vivi,Hartless,false,1,1
24,Josefa,Oene,false,1,3
25,Kimball,Rain,false,4,4
26,Addy,Sinnock,false,4,1
27,Cthrine,Brickstock,false,3,4
28,Bax,McBeith,false,4,2
29,Lynsey,Prosh,false,3,3
30,Jewell,Astell,false,2,1
31,Shepard,Stutt,false,1,4
32,Oliy,Marlin,false,1,2
33,Gerianne,Nutten,false,1,1
34,Thaddus,Serrurier,false,3,1
35,Melony,Croose,false,3,4
36,Tish,Graalman,false,1,4
37,Brice,Risbridger,false,1,2
38,Juana,Connah,false,2,2
39,Quinton,Alwen,false,3,3
40,Jacquenette,Maidment,false,4,4
41,Guthrey,Feacham,false,3,1
42,Page,Mawman,false,4,3
43,Fredra,Calladine,false,4,3
44,Joel,Tuhy,false,1,2
45,Josiah,Roja,false,1,2
46,Boris,Mairs,false,2,3
47,Noak,Olney,false,4,3
48,Daniele,Haugeh,false,2,3
49,Guy,Conibear,false,2,4
50,Ninnette,Digger,false,1,3
51,Editha,Giraudeau,false,4,2
52,Rudd,Woollcott,false,1,3
53,Rosella,Esilmon,false,3,4
54,Holden,Normanville,false,1,3
55,Titus,Romayne,false,2,1
56,Palmer,Evemy,false,1,2
57,Fairfax,Kildahl,false,4,3
58,Hedvig,Powell,false,1,3
59,Loren,Golden,false,1,1
60,Luce,Oxton,false,4,1
61,Willetta,McCabe,false,1,4
62,Jodee,Hanburry,false,3,2
63,Jule,Groger,false,2,4
64,Clarice,Ebbles,false,1,1
65,Karney,Egentan,false,4,1
66,Linnie,Bruntje,false,2,4
67,Clemmie,Fri,false,1,2
68,Rhiamon,Redford,false,3,4
69,Eli,Lonergan,false,4,3
70,Amalea,Cullimore,false,1,3
71,Kory,Hearne,false,2,2
72,Susann,Englishby,false,1,1
73,Petra,Toffetto,false,1,2
74,Dean,Twentyman,false,2,3
75,Muriel,Brabon,false,1,1
76,Ferd,Pooke,false,4,1
77,Vladimir,Knill,false,2,3
78,Corenda,Warlowe,false,4,3
79,Bartholomeo,Mathelin,false,3,4
80,Vitia,Steward,false,4,3
81,Corrina,Brogini,false,1,1
82,Jobye,Vedenyapin,false,1,1
83,Mariejeanne,Leeb,false,2,4
84,Harriette,Brandt,false,1,2
85,Olivia,Braithwait,false,4,1
86,Ericha,M'Quharge,false,1,3
87,Tarrah,Reese,false,4,2
88,Brandyn,Mumbeson,false,3,4
89,Bernita,Handslip,false,1,2
90,Dareen,Hazeldene,false,4,2
91,Mirna,Greengrass,false,1,3
92,Dalis,Swindin,false,2,4
93,Chadd,Stubbington,false,4,2
94,Valeda,Dohms,false,1,1
95,Gloria,Firle,false,4,3
96,Ivette,Acheson,false,3,3
97,Dodi,Buzin,false,1,3
98,Bethany,Caccavari,false,3,3
99,Simeon,Firidolfi,false,1,1
100,Gonzalo,Donati,false,1,2
101,Emmerich,Shearsby,false,4,4
102,Winn,Chansonne,false,4,3
103,Carley,Eannetta,false,1,2
104,Cherye,De Lascy,false,2,4
105,Demetrius,Harker,false,1,1
106,Victoria,Victoria,false,4,1
107,Colman,Hanselmann,false,4,1
108,Gerri,Castiglioni,false,3,1
109,Mendie,Darcey,false,3,3
110,Jodie,Banasik,false,4,2
111,Ross,Burder,false,4,1
112,Jena,Aupol,false,1,4
113,Ketty,Iredale,false,3,1
114,Odele,Kirkam,false,2,2
115,Gale,Basnall,false,4,2
116,Annalee,Derham,false,4,1
117,Nina,O'Lenane,false,3,3
118,Dallas,Velten,false,3,3
119,Alexis,Garter,false,4,4
120,Janifer,Vaz,false,3,2
121,Claiborne,Chorley,false,3,2
122,Tatum,Harrisson,false,2,2
123,Elvina,Hulkes,false,3,1
124,Henrieta,Portinari,false,4,1
125,Quinn,Tomasutti,false,1,2
126,Alisander,Brosi,false,3,2
127,Garv,Beardwell,false,1,3
128,Sanderson,Blenkinsopp,false,3,4
129,Kessia,Andrez,false,3,4
130,Arty,Meneux,false,4,3
131,Kin,Brixey,false,4,2
132,Marje,Flexman,false,4,4
133,Taylor,Maven,false,2,4
134,Ricardo,Checketts,false,2,4
135,Quinlan,Muskett,false,4,4
136,Xena,Retchford,false,3,3
137,Tome,Wannan,false,4,4
138,Web,Figura,false,1,1
139,Ginger,Jeacock,false,2,3
140,Lyman,Lines,false,3,4
141,Udell,Rishworth,false,4,1
142,Nerissa,Tilly,false,1,4
143,Alberik,Fairbridge,false,1,2
144,Adan,Tarbert,false,3,3
145,Clarabelle,Melbourn,false,4,4
146,Joellyn,Newland,false,1,4
147,Rhodie,Wooland,false,3,4
148,Boigie,Manntschke,false,2,2
149,Quincy,Tzarkov,false,2,3
150,Stefa,Thain,false,3,3
151,Stanton,Jeanesson,false,2,2
152,Lyndy,Bragge,false,4,1
153,Thekla,Bartolomeotti,false,1,4
154,Thomasa,Woolveridge,false,3,3
155,Elspeth,Guilbert,false,1,2
156,Doralynn,Stewartson,false,3,3
157,Corabelle,Thring,false,3,1
158,Yalonda,Yarnall,false,3,1
159,Morgan,Tondeur,false,1,1
160,Joice,Brownsall,false,3,2
161,Jessi,Jude,false,3,4
162,Vanessa,Willisch,false,4,1
163,Angeli,Mollison,false,2,2
164,Selby,Minthorpe,false,4,3
165,Norrie,Sussans,false,1,2
166,Moss,Hitscher,false,1,1
167,Becka,Whyke,false,1,4
168,Anita,Huffey,false,3,4
169,Alexio,Pethick,false,3,1
170,Sal,Gateman,false,2,4
171,Kimble,Caines,false,1,2
172,Noble,Sawrey,false,2,4
173,Dario,VanBrugh,false,4,4
174,Portie,Patridge,false,4,1
175,Arney,Tooke,false,1,3
176,Merline,Stainson,false,4,3
177,Cam,Habbeshaw,false,4,3
178,Mag,Romushkin,false,2,2
179,Noelani,Ithell,false,4,2
180,Jourdan,Roelofs,false,1,1
181,Scarlet,Wenzel,false,1,2
182,Pincus,Kaindl,false,4,1
183,Gwendolen,Webermann,false,2,2
184,Johann,O'Hear,false,2,3
185,Henrieta,Dugald,false,2,1
186,Collen,Marcinkus,false,1,1
187,Creighton,Bartrap,false,4,4
188,Gayle,Sebire,false,4,4
189,Hans,Boise,false,3,1
190,Carmon,Barnicott,false,3,4
191,Nicolle,Beeden,false,2,3
192,Shellysheldon,Habbon,false,2,1
193,Nicolas,Tiffin,false,2,3
194,Anna-diana,Heathcote,false,4,2
195,Elvira,Heaphy,false,2,3
196,Germaine,Posner,false,3,3
197,Urban,Coiley,false,2,1
198,Raine,Auld,false,3,1
199,Lorette,Beare,false,3,3
200,Derrik,Stealey,false,1,1
201,Melita,Jakeway,false,1,2
202,Jaymie,Calcut,false,1,3
203,Carolynn,Tonner,false,4,4
204,Nevsa,Tregoning,false,2,4
205,Alberik,Naisbit,false,2,3
206,Marshal,Bowland,false,2,2
207,Sylvester,Espadas,false,3,3
208,Taber,Bemlott,false,2,2
209,Delano,Mewe,false,1,4
210,Kerr,Triggol,false,3,1
211,Chas,Newall,false,1,3
212,Kirstyn,Barthod,false,2,4
213,Berkeley,Joska,false,2,2
214,Corby,Baumler,false,2,1
215,Ginni,Crielly,false,3,2
216,Genna,Tratton,false,4,4
217,Salomo,Barehead,false,4,2
218,Jdavie,Usmar,false,3,3
219,Margarethe,Gennings,false,1,4
220,Carson,Balassa,false,2,4
221,Demetris,Walcar,false,2,2
222,Georgena,Absolem,false,2,1
223,Cicily,Vaz,false,2,2
224,Kessiah,Durbridge,false,2,3
225,Shelia,Allcorn,false,2,1
226,Gerald,Rays,false,4,4
227,Alvera,Younglove,false,4,2
228,Doria,Kennedy,false,2,2
229,Augie,Brocklehurst,false,2,4
230,Caty,McGuiness,false,2,3
231,Gerty,D'Almeida,false,4,3
232,Sheba,Stancer,false,3,2
233,Janetta,Millott,false,2,4
234,Mariele,Johnsee,false,1,4
235,Stacee,Gulliford,false,4,3
236,Meg,Searchwell,false,1,4
237,Idalia,Jansie,false,1,1
238,Boycey,Linde,false,1,2
239,Kippy,Knibb,false,1,1
240,Rivi,Fassum,false,4,4
241,Fleur,Eyckelbeck,false,2,2
242,Charmian,Simonel,false,3,2
243,Johanna,Vondra,false,1,3
244,Dollie,Slopier,false,1,1
245,Brietta,Peakman,false,3,4
246,Nicholas,Nolleth,false,2,4
247,Domenico,Lampet,false,4,4
248,Brigit,Thorburn,false,3,4
249,Samuel,Kelland,false,3,1
250,Lezlie,Blanden,false,3,1
251,Tuck,Scalia,false,1,3
252,Cam,Mathon,false,3,2
253,Zach,Holbie,false,1,4
254,Darleen,Grimsdell,false,4,4
255,Abbot,Oldford,false,2,3
256,Briggs,Polson,false,1,3
257,Jameson,Carrabot,false,2,1
258,Sandor,McNeill,false,3,2
259,Giffie,Courtes,false,3,2
260,Ertha,Dorkens,false,1,3
261,Essy,Wherrett,false,1,3
262,Tammie,Thick,false,1,1
263,Erminia,Beckford,false,1,3
264,Schuyler,Godwin,false,3,1
265,Demott,MacColm,false,1,4
266,Fifi,Siggens,false,4,2
267,Kile,Seegar,false,1,3
268,Marsiella,Parell,false,4,2
269,Tudor,Gabbett,false,1,2
270,Bertine,Blennerhassett,false,1,1
271,Winne,Fishe,false,1,1
272,Hewitt,Lambdin,false,1,3
273,Mackenzie,McGrady,false,4,3
274,Antonetta,Demcak,false,4,4
275,Barrett,Bartozzi,false,3,3
276,Giuditta,Pentecust,false,2,1
277,Tiffani,Loche,false,4,3
278,Dillie,Birtchnell,false,3,4
279,Sibby,Kenealy,false,1,2
280,Alvira,Sugar,false,1,1
281,Mariquilla,Glanders,false,4,1
282,Ber,Peris,false,4,4
283,Lebbie,Rickaert,false,1,1
284,Marleen,Crowcroft,false,4,1
285,Nike,d'Arcy,false,3,2
286,Sinclair,Patillo,false,1,4
287,Hanson,Enric,false,3,4
288,Jillana,Urquhart,false,4,3
289,Odelle,Tippetts,false,2,4
290,Rhea,Giffard,false,3,3
291,Bethany,Paddefield,false,1,1
292,Raine,Crosthwaite,false,4,1
293,Susanna,Bunker,false,2,3
294,Jessie,Dawby,false,2,2
295,Molly,Perkis,false,1,2
296,Cayla,Jochen,false,4,2
297,Meryl,Larkin,false,1,3
298,Cullie,Shyres,false,3,1
299,Sophronia,Ruter,false,4,1
300,Natty,Loncaster,false,1,4
